{
  "timestamp": "2025-12-22T22:55:28.298259",
  "n_results": 1,
  "results": [
    {
      "molecule_abbrev": "h2",
      "molecule_name": "hydrogen",
      "algorithm_name": "vanilla_vqe",
      "calculated_energy": -1.1961177035066743,
      "reference_energy": -1.137306035753,
      "error": -0.0588116677536743,
      "relative_error": 0.051711382780744344,
      "n_iterations": 51,
      "n_qubits": 4,
      "n_parameters": 24,
      "runtime_seconds": 1.2058842182159424,
      "convergence_history": [
        -0.5421517483630204,
        -0.6745983792091228,
        -0.6740728116797224,
        -0.6802147596887456,
        -0.6875320347449017,
        -0.696814473941757,
        -0.7153458739323741,
        -0.7230786086563314,
        -0.7202161006844371,
        -0.6822269025174574,
        -0.6838294580133639,
        -0.7225563024733722,
        -0.6969164024672764,
        -0.7110286021843247,
        -0.7197890477313953,
        -0.7429414666680572,
        -0.7384032900880334,
        -0.7429414666680574,
        -0.7307648356039563,
        -0.7626296730458575,
        -0.7626296730458574,
        -0.6892778086745115,
        -0.7092079119801827,
        -0.7278448150767607,
        -0.9387335648752333,
        -0.918263148236544,
        -0.9374390568677338,
        -1.089258858377475,
        -0.9169309637492142,
        -1.1117441603946223,
        -1.106364261955146,
        -1.0925140774507582,
        -0.9628515659721095,
        -1.1184278011938356,
        -1.0963608290574933,
        -1.1465389744838526,
        -1.1417752763603588,
        -1.1247037942898281,
        -1.0701143093336474,
        -1.166277264761598,
        -1.0849232375755673,
        -1.1244549750133546,
        -1.1961177035066735,
        -1.1961177035066743,
        -1.1523169401525286,
        -1.1779401269729046,
        -1.189881391183234,
        -1.1961177035066741,
        -0.8651776408122241,
        -1.3575729365479743,
        -1.1961177035066743
      ],
      "optimal_parameters": [
        2.4523866402688896,
        0.9663951668302034,
        0.024510446858009627,
        1.5245700700124316,
        0.9647832728180953,
        0.6011824564392689,
        1.3074957010587303,
        1.4037689581225106,
        0.35081129347367357,
        -0.3576768636520746,
        -0.1221256360339359,
        -0.28769614572589136,
        -0.2803519942846273,
        0.2985796812685101,
        0.005696420578971507,
        1.199289381665326,
        0.23474341954563196,
        1.4046124850082844,
        0.8651602068340273,
        1.0937140374262635,
        -0.09066686735727755,
        -0.3290140725554505,
        -0.3620715888235001,
        -0.2828362701644584
      ],
      "final_gradient_norm": null,
      "converged": false,
      "metadata": {
        "optimizer": "COBYLA",
        "max_iterations": 50,
        "n_shots": 0,
        "random_seed": 42
      }
    }
  ]
}